{
  "Jira": {
    "mae": 49.0,
    "rmse": 49.49747468305833,
    "mape": 0.08362947722809315,
    "r2": -49.0
  },
  "Slack": {
    "mae": 138.5,
    "rmse": 172.90026026585386,
    "mape": 0.16025641025641027,
    "r2": -1.7906835632103433
  },
  "Zoom": {
    "mae": 38.5,
    "rmse": 38.52920969861697,
    "mape": 0.09587779156327544,
    "r2": -658.7777777777778
  }
}